geo_accession	sex	ploidy	cell_type
GSM2977235	n/a	trisomic	n/a
GSM2977236	n/a	trisomic	n/a
GSM2977237	n/a	trisomic	n/a
GSM2977238	n/a	trisomic	n/a
GSM2977239	n/a	trisomic	n/a
GSM2977240	n/a	trisomic	n/a
GSM299862	female	disomic	n/a
GSM299863	male	disomic	n/a
GSM299864	male	disomic	n/a
GSM299865	male	disomic	n/a
GSM299866	male	disomic	n/a
GSM299867	male	disomic	n/a
GSM299868	male	disomic	n/a
GSM299869	male	disomic	n/a
GSM299870	male	disomic	n/a
GSM299871	male	disomic	n/a
GSM299872	female	disomic	n/a
GSM299873	male	disomic	n/a
GSM299874	female	disomic	n/a
GSM299875	male	disomic	n/a
GSM299876	female	disomic	n/a
GSM299877	female	disomic	n/a
GSM299878	female	disomic	n/a
GSM299879	male	disomic	n/a
GSM299880	male	disomic	n/a
GSM299881	female	disomic	n/a
GSM299882	female	disomic	n/a
GSM299883	male	disomic	n/a
GSM299884	male	disomic	n/a
GSM299885	female	disomic	n/a
GSM299886	male	disomic	n/a
GSM299887	male	disomic	n/a
GSM299888	male	disomic	n/a
GSM299889	male	disomic	n/a
GSM299890	male	disomic	n/a
GSM299891	male	disomic	n/a
GSM299892	female	disomic	n/a
GSM299893	male	disomic	n/a
GSM299894	male	disomic	n/a
GSM299895	male	disomic	n/a
GSM299896	male	disomic	n/a
GSM299897	male	disomic	n/a
GSM299898	male	disomic	n/a
GSM299899	female	disomic	n/a
GSM299900	male	disomic	n/a
GSM299901	female	disomic	n/a
GSM299902	male	disomic	n/a
GSM299903	female	disomic	n/a
GSM299904	male	disomic	n/a
GSM299905	female	disomic	n/a
GSM299906	male	disomic	n/a
GSM299907	female	disomic	n/a
GSM299908	male	disomic	n/a
GSM299909	male	disomic	n/a
GSM299910	male	disomic	n/a
GSM299911	male	disomic	n/a
GSM299912	female	disomic	n/a
GSM299913	male	disomic	n/a
GSM299914	male	disomic	n/a
GSM299915	male	disomic	n/a
GSM299916	male	disomic	n/a
GSM299917	male	disomic	n/a
GSM299918	male	disomic	n/a
GSM299919	female	disomic	n/a
GSM299920	male	disomic	n/a
GSM299921	male	disomic	n/a
GSM299922	female	disomic	n/a
GSM299923	male	disomic	n/a
GSM299924	female	disomic	n/a
GSM299925	male	disomic	n/a
GSM299926	male	disomic	n/a
GSM299927	female	disomic	n/a
GSM299928	female	disomic	n/a
GSM299929	female	disomic	n/a
GSM299930	female	disomic	n/a
GSM299931	male	disomic	n/a
GSM299932	female	disomic	n/a
GSM299933	female	disomic	n/a
GSM299934	male	disomic	n/a
GSM299935	female	disomic	n/a
GSM299936	male	disomic	n/a
GSM299937	male	disomic	n/a
GSM299938	male	disomic	n/a
GSM299939	female	disomic	n/a
GSM299940	male	disomic	n/a
GSM299941	female	disomic	n/a
GSM299942	female	disomic	n/a
GSM299943	female	disomic	n/a
GSM299944	female	disomic	n/a
GSM299945	male	disomic	n/a
GSM299946	female	disomic	n/a
GSM299947	female	disomic	n/a
GSM299948	male	disomic	n/a
GSM299949	male	disomic	n/a
GSM299950	male	disomic	n/a
GSM299951	male	disomic	n/a
GSM299952	male	disomic	n/a
GSM299953	male	disomic	n/a
GSM299954	female	disomic	n/a
GSM299955	female	disomic	n/a
GSM299956	male	disomic	n/a
GSM299957	female	disomic	n/a
GSM299958	female	disomic	n/a
GSM299959	female	disomic	n/a
GSM299960	male	disomic	n/a
GSM299961	female	disomic	n/a
GSM299962	female	disomic	n/a
GSM299963	male	disomic	n/a
GSM299964	male	disomic	n/a
GSM299965	female	disomic	n/a
GSM299966	male	disomic	n/a
GSM299967	male	disomic	n/a
GSM299968	male	disomic	n/a
GSM299969	male	disomic	n/a
GSM299970	female	disomic	n/a
GSM299971	male	disomic	n/a
GSM299972	male	disomic	n/a
GSM299973	male	disomic	n/a
GSM299974	male	disomic	n/a
GSM299975	male	disomic	n/a
GSM299976	male	disomic	n/a
GSM299977	female	disomic	n/a
GSM299978	male	disomic	n/a
GSM299979	female	disomic	n/a
GSM299980	male	disomic	n/a
GSM299981	male	disomic	n/a
GSM299982	female	disomic	n/a
GSM299983	male	disomic	n/a
GSM299984	male	disomic	n/a
GSM299985	male	disomic	n/a
GSM299986	female	disomic	n/a
GSM299987	female	disomic	n/a
GSM299988	female	disomic	n/a
GSM299989	male	disomic	n/a
GSM299990	female	disomic	n/a
GSM299991	male	disomic	n/a
GSM299992	female	disomic	n/a
GSM299993	female	disomic	n/a
GSM299994	male	disomic	n/a
GSM299995	male	disomic	n/a
GSM299996	male	disomic	n/a
GSM299997	male	disomic	n/a
GSM299998	male	disomic	n/a
GSM299999	male	disomic	n/a
GSM300000	female	disomic	n/a
GSM300001	male	disomic	n/a
GSM300002	male	disomic	n/a
GSM300003	female	disomic	n/a
GSM300004	male	disomic	n/a
GSM300005	male	disomic	n/a
GSM300006	female	disomic	n/a
GSM300007	male	disomic	n/a
GSM300008	male	disomic	n/a
GSM300009	male	disomic	n/a
GSM300010	male	disomic	n/a
GSM300011	male	disomic	n/a
GSM300012	male	disomic	n/a
GSM300013	male	disomic	n/a
GSM300014	male	disomic	n/a
GSM300015	female	disomic	n/a
GSM300016	male	disomic	n/a
GSM300017	male	disomic	n/a
GSM300018	male	disomic	n/a
GSM300019	male	disomic	n/a
GSM300020	female	disomic	n/a
GSM300021	female	disomic	n/a
GSM300022	male	disomic	n/a
GSM300023	male	disomic	n/a
GSM300024	male	disomic	n/a
GSM300025	female	disomic	n/a
GSM300026	male	disomic	n/a
GSM300027	male	disomic	n/a
GSM300028	female	disomic	n/a
GSM300029	male	disomic	n/a
GSM300030	male	disomic	n/a
GSM300031	female	disomic	n/a
GSM300032	male	disomic	n/a
GSM300033	female	disomic	n/a
GSM300034	male	disomic	n/a
GSM300035	male	disomic	n/a
GSM300036	female	disomic	n/a
GSM300037	male	disomic	n/a
GSM300038	female	disomic	n/a
GSM300039	female	disomic	n/a
GSM300040	female	disomic	n/a
GSM300041	female	disomic	n/a
GSM300042	male	disomic	n/a
GSM300043	male	disomic	n/a
GSM300044	male	disomic	n/a
GSM300045	female	disomic	n/a
GSM300046	male	disomic	n/a
GSM300047	male	disomic	n/a
GSM300048	female	disomic	n/a
GSM300049	male	disomic	n/a
GSM300050	male	disomic	n/a
GSM300051	male	disomic	n/a
GSM300052	male	disomic	n/a
GSM300053	male	disomic	n/a
GSM300054	male	disomic	n/a
GSM300055	male	disomic	n/a
GSM300056	male	disomic	n/a
GSM300057	male	disomic	n/a
GSM300058	male	disomic	n/a
GSM300059	female	disomic	n/a
GSM300060	male	disomic	n/a
GSM300061	male	disomic	n/a
GSM300062	male	disomic	n/a
GSM300063	male	disomic	n/a
GSM300064	male	disomic	n/a
GSM300065	male	disomic	n/a
GSM300066	female	disomic	n/a
GSM300067	male	disomic	n/a
GSM300068	male	disomic	n/a
GSM21040	n/a	n/a	n/a
GSM21041	n/a	n/a	n/a
GSM21042	n/a	n/a	n/a
GSM21043	n/a	n/a	n/a
GSM21044	n/a	n/a	n/a
GSM21045	n/a	n/a	n/a
GSM21046	n/a	n/a	n/a
GSM21047	n/a	n/a	n/a
GSM21048	n/a	n/a	n/a
GSM21049	n/a	n/a	n/a
GSM21050	n/a	n/a	n/a
GSM21051	n/a	n/a	n/a
GSM21052	n/a	n/a	n/a
GSM21053	n/a	n/a	n/a
GSM21054	n/a	n/a	n/a
GSM21055	n/a	n/a	n/a
GSM21056	n/a	n/a	n/a
GSM21057	n/a	n/a	n/a
GSM21058	n/a	n/a	n/a
GSM21059	n/a	n/a	n/a
GSM21060	n/a	n/a	n/a
GSM21061	n/a	n/a	n/a
GSM21062	n/a	n/a	n/a
GSM21063	n/a	n/a	n/a
GSM21040	n/a	n/a	n/a
GSM21041	n/a	n/a	n/a
GSM21042	n/a	n/a	n/a
GSM21043	n/a	n/a	n/a
GSM21044	n/a	n/a	n/a
GSM21045	n/a	n/a	n/a
GSM21046	n/a	n/a	n/a
GSM21047	n/a	n/a	n/a
GSM21048	n/a	n/a	n/a
GSM21049	n/a	n/a	n/a
GSM21050	n/a	n/a	n/a
GSM21051	n/a	n/a	n/a
GSM4120541	n/a	disomic	n/a
GSM4120542	n/a	disomic	n/a
GSM4120543	n/a	disomic	n/a
GSM4120544	n/a	disomic	n/a
GSM4120545	n/a	disomic	n/a
GSM4120546	n/a	disomic	n/a
GSM4120547	n/a	disomic	n/a
GSM4120548	n/a	disomic	n/a
GSM4120549	n/a	disomic	n/a
GSM4120550	n/a	disomic	n/a
GSM4120551	n/a	disomic	n/a
GSM4120552	n/a	disomic	n/a
GSM4120553	n/a	disomic	n/a
GSM4120554	n/a	disomic	n/a
GSM4120555	n/a	disomic	n/a
GSM4120556	n/a	disomic	n/a
GSM4120557	n/a	disomic	n/a
GSM4120558	n/a	disomic	n/a
GSM22509	n/a	trisomic	n/a
GSM22510	n/a	trisomic	n/a
GSM22511	n/a	trisomic	n/a
GSM22512	n/a	trisomic	n/a
GSM22523	n/a	trisomic	n/a
GSM22524	n/a	trisomic	n/a
GSM22526	n/a	trisomic	n/a
GSM22527	n/a	trisomic	n/a
GSM22583	n/a	trisomic	n/a
GSM22584	n/a	trisomic	n/a
GSM22585	n/a	trisomic	n/a
GSM22586	n/a	trisomic	n/a
GSM22587	n/a	trisomic	n/a
GSM22588	n/a	trisomic	n/a
GSM22589	n/a	trisomic	n/a
GSM22604	n/a	trisomic	n/a
GSM22606	n/a	trisomic	n/a
GSM22608	n/a	trisomic	n/a
GSM22610	n/a	trisomic	n/a
GSM22612	n/a	trisomic	n/a
GSM22613	n/a	trisomic	n/a
GSM22614	n/a	trisomic	n/a
GSM22615	n/a	trisomic	n/a
GSM22616	n/a	trisomic	n/a
GSM22624	n/a	trisomic	n/a
GSM22703	n/a	trisomic	n/a
GSM22704	n/a	trisomic	n/a
GSM22705	n/a	trisomic	n/a
GSM4276198	n/a	disomic	periodontal ligament cells
GSM4276199	n/a	disomic	periodontal ligament cells
GSM4502506	male	trisomic	n/a
GSM4502507	male	trisomic	n/a
GSM4502508	male	trisomic	n/a
GSM4502509	male	trisomic	n/a
GSM4502510	male	trisomic	n/a
GSM4502511	male	trisomic	n/a
GSM4502512	male	trisomic	n/a
GSM4502513	male	trisomic	n/a
GSM4502514	male	trisomic	n/a
GSM4502515	male	trisomic	n/a
GSM4502516	male	trisomic	n/a
GSM4502517	male	trisomic	n/a
GSM4502518	male	trisomic	n/a
GSM4502519	male	trisomic	n/a
GSM4502520	male	trisomic	n/a
GSM4502521	male	trisomic	n/a
GSM4502522	male	trisomic	n/a
GSM4502523	male	trisomic	n/a
GSM4502524	male	trisomic	n/a
GSM4502525	male	trisomic	n/a
GSM4502526	male	trisomic	n/a
GSM4502527	male	trisomic	n/a
GSM4502528	male	trisomic	n/a
GSM4502529	male	trisomic	n/a
GSM4502530	male	trisomic	n/a
GSM4502531	male	trisomic	n/a
GSM4502532	male	trisomic	n/a
GSM4502533	male	trisomic	n/a
GSM4502534	male	trisomic	n/a
GSM4502535	male	trisomic	n/a
GSM4502536	male	trisomic	n/a
GSM4502537	male	trisomic	n/a
GSM4502538	male	trisomic	n/a
GSM4502539	male	trisomic	n/a
GSM4502540	male	trisomic	n/a
GSM4502541	male	trisomic	n/a
GSM4502542	male	trisomic	n/a
GSM4502543	male	trisomic	n/a
GSM4502544	male	trisomic	n/a
GSM4502545	male	trisomic	n/a
GSM4502546	male	trisomic	n/a
GSM4502547	male	trisomic	n/a
GSM4502548	male	trisomic	n/a
GSM4502549	male	trisomic	n/a
GSM4502550	male	trisomic	n/a
GSM4502551	male	trisomic	n/a
GSM4502552	male	trisomic	n/a
GSM4502553	male	trisomic	n/a
GSM4502554	male	trisomic	n/a
GSM4502555	male	trisomic	n/a
GSM4502572	male	trisomic	n/a
GSM4502573	male	trisomic	n/a
GSM4502574	male	trisomic	n/a
GSM4502575	male	trisomic	n/a
GSM4502576	male	trisomic	n/a
GSM4502577	male	trisomic	n/a
GSM4502578	male	trisomic	n/a
GSM4502579	male	trisomic	n/a
GSM4502580	male	trisomic	n/a
GSM4502581	male	trisomic	n/a
GSM4502582	male	trisomic	n/a
GSM4502583	male	trisomic	n/a
GSM4502584	male	trisomic	n/a
GSM4502585	male	trisomic	n/a
GSM4502586	male	trisomic	n/a
GSM4502587	male	trisomic	n/a
GSM4502588	male	trisomic	n/a
GSM4502589	male	trisomic	n/a
GSM4502590	male	trisomic	n/a
GSM4502591	male	trisomic	n/a
GSM4798553	female	disomic	n/a
GSM4798554	female	disomic	n/a
GSM4798555	female	disomic	n/a
GSM4798556	female	disomic	n/a
GSM4798557	female	disomic	n/a
GSM4798558	female	disomic	n/a
GSM4798559	female	disomic	n/a
GSM4798560	female	disomic	n/a
GSM4798561	female	disomic	n/a
GSM4798562	female	disomic	n/a
GSM4798563	female	disomic	n/a
GSM4798564	female	disomic	n/a
GSM4798565	female	disomic	n/a
GSM4798566	female	disomic	n/a
GSM4798567	female	disomic	n/a
GSM4798568	female	disomic	n/a
GSM4798569	female	disomic	n/a
GSM4798570	female	disomic	n/a
GSM4798571	female	disomic	n/a
GSM4798572	female	disomic	n/a
GSM4798573	n/a	disomic	n/a
GSM4798574	n/a	disomic	n/a
GSM4798575	n/a	disomic	n/a
GSM4798576	n/a	disomic	n/a
GSM4798577	n/a	disomic	n/a
GSM4798578	n/a	disomic	n/a
GSM4798579	n/a	disomic	n/a
GSM4798580	n/a	disomic	n/a
GSM4798581	n/a	disomic	n/a
GSM4798582	n/a	disomic	n/a
GSM4798583	n/a	disomic	n/a
GSM4798584	n/a	disomic	n/a
GSM4798585	n/a	disomic	n/a
GSM4798586	n/a	disomic	n/a
GSM4798587	n/a	trisomic	n/a
GSM4798588	n/a	trisomic	n/a
GSM4798589	n/a	trisomic	n/a
GSM4798590	n/a	trisomic	n/a
GSM4798591	n/a	trisomic	n/a
GSM4798592	n/a	trisomic	n/a
GSM4798593	n/a	trisomic	n/a
GSM4798594	n/a	trisomic	n/a
GSM4798595	n/a	trisomic	n/a
GSM4798596	n/a	trisomic	n/a
GSM4798597	n/a	trisomic	n/a
GSM4798598	n/a	trisomic	n/a
GSM4798599	n/a	trisomic	n/a
GSM4798600	n/a	trisomic	n/a
GSM27472	n/a	n/a	n/a
GSM27473	n/a	n/a	n/a
GSM27474	n/a	n/a	n/a
GSM27475	n/a	n/a	n/a
GSM27476	n/a	n/a	n/a
GSM27477	n/a	n/a	n/a
GSM27478	n/a	trisomic	n/a
GSM27479	n/a	trisomic	n/a
GSM27480	n/a	trisomic	n/a
GSM27481	n/a	trisomic	n/a
GSM27482	n/a	trisomic	n/a
GSM27483	n/a	trisomic	n/a
GSM406286	female	disomic	n/a
GSM406287	female	trisomic	n/a
GSM406288	female	disomic	n/a
GSM406289	female	trisomic	n/a
GSM406290	male	disomic	n/a
GSM406291	male	trisomic	n/a
GSM406292	male	disomic	n/a
GSM406293	male	trisomic	n/a
GSM406294	male	disomic	n/a
GSM406295	male	trisomic	n/a
GSM406296	male	disomic	n/a
GSM406297	male	trisomic	n/a
GSM406298	male	disomic	n/a
GSM406299	male	trisomic	n/a
GSM417973	n/a	disomic	leukemic cells derived from Gata1 mutant fetal progenitors
GSM417974	n/a	disomic	leukemic cells derived from Gata1 mutant fetal progenitors
GSM417975	n/a	disomic	leukemic cells derived from Gata1 mutant fetal progenitors
GSM417976	n/a	disomic	leukemic cells derived from Gata1 mutant fetal progenitors
GSM417977	n/a	disomic	leukemic cells derived from Gata1 mutant fetal progenitors
GSM417978	n/a	disomic	leukemic cells derived from Gata1 mutant fetal progenitors
GSM417979	n/a	disomic	leukemic cells derived from Gata1 mutant fetal progenitors
GSM417980	n/a	disomic	leukemic cells derived from Gata1 mutant fetal progenitors
GSM417981	n/a	disomic	leukemic cells derived from Gata1 mutant fetal progenitors
GSM417982	n/a	disomic	leukemic cells derived from Gata1 mutant fetal progenitors
GSM417983	n/a	disomic	leukemic cells derived from Gata1 mutant fetal progenitors
GSM417985	n/a	disomic	megakaryocytic leukemia blasts
GSM417986	n/a	disomic	megakaryocytic leukemia blasts
GSM417987	n/a	disomic	megakaryocytic leukemia blasts
GSM417988	n/a	disomic	megakaryocytic leukemia blasts
GSM417989	n/a	disomic	megakaryocytic leukemia blasts
GSM417990	n/a	disomic	megakaryocytic leukemia blasts
GSM417991	n/a	disomic	megakaryocytic leukemia blasts
GSM417992	n/a	disomic	megakaryocytic leukemia blasts
GSM417993	n/a	disomic	megakaryocytic leukemia blasts
GSM417994	n/a	disomic	megakaryocytic leukemia blasts
GSM417995	n/a	disomic	megakaryocytic leukemia blasts
GSM417996	n/a	disomic	NA
GSM417997	n/a	disomic	NA
GSM417998	n/a	disomic	NA
GSM417999	n/a	disomic	NA
GSM418000	n/a	disomic	NA
GSM418001	n/a	disomic	NA
GSM418002	n/a	disomic	NA
GSM5129128	n/a	disomic	n/a
GSM5129129	n/a	disomic	n/a
GSM5129130	n/a	disomic	n/a
GSM5129131	n/a	disomic	n/a
GSM5129132	n/a	disomic	n/a
GSM5129133	n/a	disomic	n/a
GSM435320	n/a	disomic	white blood cells
GSM435321	n/a	disomic	white blood cells
GSM435322	n/a	disomic	white blood cells
GSM435323	n/a	disomic	white blood cells
GSM435324	n/a	disomic	white blood cells
GSM435325	n/a	disomic	white blood cells
GSM435326	n/a	disomic	white blood cells
GSM435327	n/a	disomic	white blood cells
GSM435328	n/a	disomic	white blood cells
GSM435329	n/a	disomic	white blood cells
GSM435330	n/a	disomic	white blood cells
GSM435331	n/a	disomic	white blood cells
GSM435332	n/a	disomic	white blood cells
GSM435333	n/a	disomic	white blood cells
GSM435334	n/a	disomic	white blood cells
GSM435335	n/a	disomic	white blood cells
GSM435336	n/a	disomic	white blood cells
GSM435337	n/a	disomic	white blood cells
GSM435338	n/a	disomic	white blood cells
GSM435339	n/a	disomic	white blood cells
GSM435340	n/a	disomic	white blood cells
GSM435341	n/a	disomic	white blood cells
GSM435342	n/a	disomic	white blood cells
GSM435343	n/a	disomic	white blood cells
GSM435344	n/a	disomic	white blood cells
GSM435345	n/a	n/a	white blood cells
GSM435346	n/a	n/a	white blood cells
GSM435347	n/a	n/a	white blood cells
GSM435348	n/a	n/a	white blood cells
GSM435349	n/a	n/a	white blood cells
GSM435350	n/a	n/a	white blood cells
GSM435351	n/a	n/a	white blood cells
GSM435352	n/a	n/a	white blood cells
GSM435353	n/a	n/a	white blood cells
GSM435354	n/a	n/a	white blood cells
GSM435355	n/a	n/a	white blood cells
GSM435356	n/a	n/a	white blood cells
GSM435357	n/a	n/a	white blood cells
GSM435358	n/a	n/a	white blood cells
GSM435359	n/a	n/a	white blood cells
GSM435360	n/a	n/a	white blood cells
GSM435361	n/a	n/a	white blood cells
GSM435362	n/a	n/a	white blood cells
GSM435363	n/a	n/a	white blood cells
GSM435364	n/a	n/a	white blood cells
GSM435365	n/a	n/a	white blood cells
GSM435366	n/a	n/a	white blood cells
GSM435367	n/a	n/a	white blood cells
GSM435368	n/a	n/a	white blood cells
GSM435369	n/a	n/a	white blood cells
GSM435370	n/a	n/a	white blood cells
GSM435371	n/a	n/a	white blood cells
GSM435372	n/a	n/a	white blood cells
GSM435373	n/a	n/a	white blood cells
GSM435374	n/a	n/a	white blood cells
GSM435375	n/a	n/a	white blood cells
GSM435376	n/a	n/a	white blood cells
GSM435377	n/a	n/a	white blood cells
GSM435378	n/a	n/a	white blood cells
GSM435379	n/a	n/a	white blood cells
GSM435380	n/a	n/a	white blood cells
GSM435381	n/a	n/a	white blood cells
GSM435382	n/a	n/a	white blood cells
GSM435383	n/a	n/a	white blood cells
GSM435384	n/a	n/a	white blood cells
GSM435385	n/a	n/a	white blood cells
GSM435386	n/a	n/a	white blood cells
GSM435387	n/a	n/a	white blood cells
GSM435388	n/a	n/a	white blood cells
GSM435389	n/a	n/a	white blood cells
GSM435390	n/a	n/a	white blood cells
GSM435391	n/a	n/a	white blood cells
GSM435392	n/a	n/a	white blood cells
GSM435393	n/a	n/a	white blood cells
GSM435394	n/a	n/a	white blood cells
GSM435395	n/a	n/a	white blood cells
GSM435396	n/a	n/a	white blood cells
GSM435397	n/a	n/a	white blood cells
GSM435398	n/a	n/a	white blood cells
GSM435399	n/a	n/a	white blood cells
GSM435400	n/a	n/a	white blood cells
GSM435401	n/a	n/a	white blood cells
GSM435402	n/a	n/a	white blood cells
GSM435403	n/a	n/a	white blood cells
GSM435404	n/a	n/a	white blood cells
GSM435405	n/a	n/a	white blood cells
GSM435406	n/a	n/a	white blood cells
GSM435407	n/a	n/a	white blood cells
GSM435408	n/a	n/a	white blood cells
GSM435409	n/a	n/a	white blood cells
GSM435410	n/a	n/a	white blood cells
GSM435411	n/a	n/a	white blood cells
GSM435412	n/a	n/a	white blood cells
GSM435413	n/a	n/a	white blood cells
GSM435414	n/a	n/a	white blood cells
GSM435415	n/a	n/a	white blood cells
GSM435416	n/a	n/a	white blood cells
GSM435417	n/a	disomic	white blood cells
GSM435418	n/a	disomic	white blood cells
GSM435419	n/a	disomic	white blood cells
GSM435420	n/a	disomic	white blood cells
GSM435421	n/a	disomic	white blood cells
GSM435422	n/a	disomic	white blood cells
GSM435423	n/a	n/a	white blood cells
GSM435424	n/a	n/a	white blood cells
GSM435425	n/a	n/a	white blood cells
GSM435426	n/a	n/a	white blood cells
GSM435427	n/a	n/a	white blood cells
GSM435428	n/a	n/a	white blood cells
GSM435429	n/a	n/a	white blood cells
GSM435430	n/a	n/a	white blood cells
GSM435431	n/a	n/a	white blood cells
GSM443577	female	disomic	n/a
GSM443578	female	disomic	n/a
GSM443579	female	disomic	n/a
GSM443580	female	disomic	n/a
GSM443581	female	disomic	n/a
GSM443582	female	disomic	n/a
GSM30723	n/a	trisomic	n/a
GSM30855	n/a	trisomic	n/a
GSM30856	n/a	trisomic	n/a
GSM30859	n/a	trisomic	n/a
GSM30860	n/a	trisomic	n/a
GSM30862	n/a	trisomic	n/a
GSM30863	n/a	trisomic	n/a
GSM30864	n/a	trisomic	n/a
GSM30865	n/a	trisomic	n/a
GSM30866	n/a	trisomic	n/a
GSM30867	n/a	disomic	n/a
GSM30868	n/a	disomic	n/a
GSM30869	n/a	disomic	n/a
GSM30870	n/a	disomic	n/a
GSM30871	n/a	disomic	n/a
GSM491358	n/a	disomic	Megakaryoblastic leukemia cell line
GSM491359	n/a	disomic	Megakaryoblastic leukemia cell line
GSM491360	n/a	disomic	Down Syndrome megakaryoblastic leukemia cell line
GSM491361	n/a	disomic	Down Syndrome megakaryoblastic leukemia cell line
GSM491362	n/a	disomic	Megakaryoblastic leukemia cell line
GSM491363	n/a	disomic	Megakaryoblastic leukemia cell line
GSM491364	n/a	disomic	Down Syndrome megakaryoblastic leukemia cell line
GSM491365	n/a	disomic	Down Syndrome megakaryoblastic leukemia cell line
GSM491366	n/a	disomic	CD34+/- Hematopoietic stem and progenitor cells
GSM491367	n/a	disomic	CD34+/- Hematopoietic stem and progenitor cells
GSM491368	n/a	disomic	sorted leukemic blast cells
GSM491369	n/a	disomic	sorted leukemic blast cells
GSM491370	n/a	disomic	sorted leukemic blast cells
GSM491371	n/a	disomic	sorted leukemic blast cells
GSM491372	n/a	disomic	sorted leukemic blast cells
GSM491373	n/a	disomic	sorted leukemic blast cells
GSM491374	n/a	disomic	sorted leukemic blast cells
GSM491375	n/a	disomic	sorted leukemic blast cells
GSM491376	n/a	disomic	sorted leukemic blast cells
GSM491377	n/a	disomic	sorted leukemic blast cells
GSM495453	n/a	n/a	ES cell
GSM495454	n/a	n/a	ES cell
GSM495455	n/a	n/a	ES cell
GSM495456	n/a	n/a	ES cell
GSM495457	n/a	n/a	ES cell
GSM495458	n/a	n/a	ES cell
GSM495459	n/a	n/a	ES cell
GSM495460	n/a	n/a	ES cell
GSM495461	n/a	n/a	ES cell
GSM495462	n/a	n/a	ES cell
GSM495463	n/a	n/a	ES cell
GSM495464	n/a	n/a	ES cell
GSM495465	n/a	n/a	ES cell
GSM495466	n/a	n/a	ES cell
GSM495467	n/a	n/a	ES cell
GSM495468	n/a	n/a	ES cell
GSM495469	n/a	n/a	ES cell
GSM495470	n/a	n/a	ES cell
GSM495471	n/a	n/a	ES cell
GSM495472	n/a	n/a	ES cell
GSM495473	n/a	n/a	ES cell
GSM495474	n/a	n/a	ES cell
GSM495475	n/a	n/a	ES cell
GSM495476	n/a	n/a	ES cell
GSM495477	n/a	n/a	ES cell
GSM495478	n/a	n/a	ES cell
GSM495479	n/a	n/a	ES cell
GSM495480	n/a	n/a	ES cell
GSM495481	n/a	n/a	ES cell
GSM495482	n/a	n/a	ES cell
GSM495483	n/a	n/a	ES cell
GSM495484	n/a	n/a	ES cell
GSM495485	n/a	n/a	ES cell
GSM495486	n/a	n/a	ES cell
GSM495487	n/a	n/a	ES cell
GSM495488	n/a	n/a	ES cell
GSM495489	n/a	n/a	ES cell
GSM495490	n/a	n/a	ES cell
GSM495491	n/a	n/a	ES cell
GSM495492	n/a	n/a	ES cell
GSM495493	n/a	n/a	ES cell
GSM495494	n/a	n/a	ES cell
GSM495495	n/a	n/a	ES cell
GSM495496	n/a	n/a	ES cell
GSM495497	n/a	n/a	ES cell
GSM495498	n/a	n/a	ES cell
GSM495499	n/a	n/a	ES cell
GSM495500	n/a	n/a	ES cell
GSM495501	n/a	n/a	ES cell
GSM495502	n/a	n/a	ES cell
GSM495503	n/a	n/a	ES cell
GSM495504	n/a	n/a	ES cell
GSM495505	n/a	n/a	ES cell
GSM495506	n/a	n/a	ES cell
GSM495507	n/a	n/a	ES cell
GSM495508	n/a	n/a	ES cell
GSM495509	n/a	n/a	ES cell
GSM495510	n/a	n/a	ES cell
GSM495511	n/a	n/a	ES cell
GSM495512	n/a	n/a	ES cell
GSM495513	n/a	n/a	ES cell
GSM495514	n/a	n/a	ES cell
GSM495515	n/a	n/a	ES cell
GSM495516	n/a	n/a	ES cell
GSM495517	n/a	n/a	ES cell
GSM495518	n/a	n/a	ES cell
GSM495519	n/a	n/a	ES cell
GSM495520	n/a	n/a	ES cell
GSM495521	n/a	n/a	ES cell
GSM495522	n/a	n/a	ES cell
GSM495523	n/a	n/a	ES cell
GSM495524	n/a	n/a	ES cell
GSM495525	n/a	n/a	ES cell
GSM495526	n/a	n/a	ES cell
GSM495527	n/a	n/a	ES cell
GSM495528	n/a	n/a	ES cell
GSM495529	n/a	n/a	ES cell
GSM495530	n/a	n/a	ES cell
GSM495531	n/a	n/a	ES cell
GSM495532	n/a	n/a	ES cell
GSM495533	n/a	n/a	ES cell
GSM495534	n/a	n/a	ES cell
GSM495535	n/a	n/a	ES cell
GSM495536	n/a	n/a	ES cell
GSM495537	n/a	n/a	ES cell
GSM495538	n/a	n/a	ES cell
GSM495539	n/a	n/a	ES cell
GSM495540	n/a	n/a	ES cell
GSM495541	n/a	n/a	ES cell
GSM495542	n/a	n/a	ES cell
GSM495543	n/a	n/a	ES cell
GSM495544	n/a	n/a	ES cell
GSM495545	n/a	n/a	ES cell
GSM495546	n/a	n/a	ES cell
GSM495547	n/a	n/a	ES cell
GSM495548	n/a	n/a	ES cell
GSM495549	n/a	n/a	ES cell
GSM495550	n/a	n/a	ES cell
GSM495551	n/a	n/a	ES cell
GSM495552	n/a	n/a	ES cell
GSM495553	n/a	n/a	ES cell
GSM495554	n/a	n/a	ES cell
GSM495555	n/a	n/a	ES cell
GSM495556	n/a	n/a	ES cell
GSM495557	n/a	n/a	ES cell
GSM495558	n/a	n/a	ES cell
GSM495559	n/a	n/a	ES cell
GSM495560	n/a	n/a	ES cell
GSM495561	n/a	n/a	ES cell
GSM495562	n/a	n/a	ES cell
GSM495563	n/a	n/a	ES cell
GSM495564	n/a	n/a	ES cell
GSM495565	n/a	n/a	ES cell
GSM495566	n/a	n/a	ES cell
GSM523115	n/a	disomic	n/a
GSM523116	n/a	disomic	n/a
GSM523117	n/a	disomic	n/a
GSM523118	n/a	disomic	n/a
GSM523119	n/a	disomic	n/a
GSM523120	n/a	disomic	n/a
GSM523121	n/a	disomic	n/a
GSM523122	n/a	disomic	n/a
GSM523123	n/a	disomic	n/a
GSM523124	n/a	disomic	n/a
GSM523125	n/a	disomic	n/a
GSM523126	n/a	disomic	n/a
GSM523127	n/a	disomic	n/a
GSM523128	n/a	disomic	n/a
GSM523129	n/a	disomic	n/a
GSM523130	n/a	disomic	n/a
GSM523131	n/a	disomic	n/a
GSM523132	n/a	disomic	n/a
GSM523133	n/a	disomic	n/a
GSM523134	n/a	disomic	n/a
GSM523135	n/a	disomic	n/a
GSM523136	n/a	disomic	n/a
GSM523137	n/a	disomic	n/a
GSM523138	n/a	disomic	n/a
GSM523139	n/a	disomic	n/a
GSM523140	n/a	disomic	n/a
GSM523141	n/a	disomic	n/a
GSM523142	n/a	disomic	n/a
GSM523143	n/a	disomic	n/a
GSM523144	n/a	disomic	n/a
GSM523145	n/a	disomic	n/a
GSM523146	n/a	disomic	n/a
GSM523147	n/a	disomic	n/a
GSM523148	n/a	disomic	n/a
GSM523149	n/a	disomic	n/a
GSM523150	n/a	disomic	n/a
GSM523151	n/a	disomic	n/a
GSM523152	n/a	disomic	n/a
GSM523153	n/a	disomic	n/a
GSM523154	n/a	disomic	n/a
GSM523155	n/a	disomic	n/a
GSM523156	n/a	disomic	n/a
GSM523157	n/a	disomic	n/a
GSM523158	n/a	disomic	n/a
GSM523159	n/a	disomic	n/a
GSM523160	n/a	disomic	n/a
GSM523161	n/a	disomic	n/a
GSM523162	n/a	disomic	n/a
GSM523163	n/a	disomic	n/a
GSM6921395	female	disomic	n/a
GSM6921396	female	disomic	n/a
GSM6921397	female	disomic	n/a
GSM6921398	female	disomic	n/a
GSM6921399	female	disomic	n/a
GSM6921400	female	disomic	n/a
GSM6921401	female	disomic	n/a
GSM6921402	female	disomic	n/a
GSM6921403	female	disomic	n/a
GSM6921404	female	disomic	n/a
GSM6921405	female	disomic	n/a
GSM6921406	female	disomic	n/a
GSM6921407	female	disomic	n/a
GSM6921408	female	disomic	n/a
GSM6921409	female	disomic	n/a
GSM6921410	female	disomic	n/a
GSM6921411	female	disomic	n/a
GSM6921412	female	disomic	n/a
GSM6921413	female	disomic	n/a
GSM6921414	female	disomic	n/a
GSM6921415	female	disomic	n/a
GSM6921416	female	disomic	n/a
GSM6921417	female	disomic	n/a
GSM6921418	female	disomic	n/a
GSM6921419	female	disomic	n/a
GSM6921420	female	disomic	n/a
GSM6921421	female	disomic	n/a
GSM6921422	female	disomic	n/a
GSM6921423	female	disomic	n/a
GSM6921424	female	disomic	n/a
GSM6921425	female	disomic	n/a
GSM6921426	female	disomic	n/a
GSM6921427	female	disomic	n/a
GSM6921428	female	disomic	n/a
GSM6921429	female	disomic	n/a
GSM6921430	female	disomic	n/a
GSM6921431	female	disomic	n/a
GSM6921432	female	disomic	n/a
GSM6921433	female	disomic	n/a
GSM6921434	female	disomic	n/a
GSM6921435	female	disomic	n/a
GSM6921436	female	disomic	n/a
GSM6921437	female	disomic	n/a
GSM6921438	female	disomic	n/a
GSM6921439	female	disomic	n/a
GSM6921440	female	disomic	n/a
GSM6921441	female	disomic	n/a
GSM6921442	female	disomic	n/a
GSM6921443	female	disomic	n/a
GSM6921444	female	disomic	n/a
GSM6921445	female	disomic	n/a
GSM6921446	female	disomic	n/a
GSM6921447	female	disomic	n/a
GSM6921448	female	disomic	n/a
GSM6921449	female	disomic	n/a
GSM6921450	female	disomic	n/a
GSM6921451	female	disomic	n/a
GSM6921452	female	disomic	n/a
GSM6921453	female	disomic	n/a
GSM6921454	female	disomic	n/a
GSM6921455	female	disomic	n/a
GSM6921456	female	disomic	n/a
GSM6921457	female	disomic	n/a
GSM6921458	female	disomic	n/a
GSM6921459	female	disomic	n/a
GSM6921460	female	disomic	n/a
GSM6921461	female	disomic	n/a
GSM6921462	female	disomic	n/a
GSM6921463	female	disomic	n/a
GSM6921464	female	disomic	n/a
GSM6921465	female	disomic	n/a
GSM6921466	female	disomic	n/a
GSM6921467	female	disomic	n/a
GSM6921468	female	disomic	n/a
GSM6921469	female	disomic	n/a
GSM6921470	female	disomic	n/a
GSM6921471	female	disomic	n/a
GSM6921472	female	disomic	n/a
GSM6921473	female	disomic	n/a
GSM6921474	female	disomic	n/a
GSM6921475	female	disomic	n/a
GSM6921476	female	disomic	n/a
GSM6921477	female	disomic	n/a
GSM6921478	female	disomic	n/a
GSM6921479	female	disomic	n/a
GSM6921480	female	disomic	n/a
GSM6921481	female	disomic	n/a
GSM6921482	female	disomic	n/a
GSM6921483	female	disomic	n/a
GSM756878	n/a	disomic	Down Syndrome megakaryoblastic leukemia cell line
GSM756879	n/a	disomic	Down Syndrome megakaryoblastic leukemia cell line
GSM756880	n/a	disomic	Down Syndrome megakaryoblastic leukemia cell line
GSM756881	n/a	disomic	Down Syndrome megakaryoblastic leukemia cell line
GSM756882	n/a	disomic	Down Syndrome megakaryoblastic leukemia cell line
GSM756883	n/a	disomic	Down Syndrome megakaryoblastic leukemia cell line
GSM756884	n/a	disomic	Down Syndrome megakaryoblastic leukemia cell line
GSM756885	n/a	disomic	Down Syndrome megakaryoblastic leukemia cell line
GSM756886	n/a	disomic	Down Syndrome megakaryoblastic leukemia cell line
GSM756887	n/a	disomic	Down Syndrome megakaryoblastic leukemia cell line
GSM1514033	female	n/a	n/a
GSM1514034	male	n/a	n/a
GSM1514035	female	disomic	n/a
GSM1514036	female	trisomic	n/a
GSM1514037	female	disomic	n/a
GSM1514038	male	n/a	n/a
GSM1514039	male	n/a	n/a
GSM1514040	female	trisomic	n/a
GSM1514041	female	disomic	n/a
GSM1514042	male	n/a	n/a
GSM1514043	male	n/a	n/a
GSM1514044	female	n/a	n/a
GSM1514045	male	disomic	n/a
GSM1514046	female	n/a	n/a
GSM1514047	male	n/a	n/a
GSM1514048	female	disomic	n/a
GSM1514049	female	n/a	n/a
GSM1514050	male	n/a	n/a
GSM1514051	male	disomic	n/a
GSM1514052	female	n/a	n/a
GSM1514053	female	disomic	n/a
GSM1514054	female	disomic	n/a
GSM1514055	female	n/a	n/a
GSM1514056	male	n/a	n/a
GSM1514057	female	disomic	n/a
GSM1514058	male	disomic	n/a
GSM1514059	male	n/a	n/a
GSM1514060	male	n/a	n/a
GSM1514061	female	n/a	n/a
GSM1514062	male	n/a	n/a
GSM1514063	female	n/a	n/a
GSM1514064	female	n/a	n/a
GSM1514065	male	n/a	n/a
GSM1514066	female	disomic	n/a
GSM1514067	male	trisomic	n/a
GSM1514068	female	n/a	n/a
GSM1514069	female	trisomic	n/a
GSM1514070	female	disomic	n/a
GSM1514071	female	n/a	n/a
GSM1514072	male	disomic	n/a
GSM1514073	male	n/a	n/a
GSM1514074	female	disomic	n/a
GSM1514075	female	n/a	n/a
GSM1514076	male	n/a	n/a
GSM1514077	female	n/a	n/a
GSM1514078	female	n/a	n/a
GSM1514079	female	n/a	n/a
GSM1514080	female	disomic	n/a
GSM1514081	male	trisomic	n/a
GSM1514082	male	n/a	n/a
GSM1514083	male	n/a	n/a
GSM1514084	male	disomic	n/a
GSM1514085	female	trisomic	n/a
GSM1514086	male	n/a	n/a
GSM1514087	male	n/a	n/a
GSM1514088	female	disomic	n/a
GSM1514089	female	trisomic	n/a
GSM1514090	male	trisomic	n/a
GSM1514091	male	n/a	n/a
GSM1514092	female	disomic	n/a
GSM1514093	male	disomic	n/a
GSM1514094	male	n/a	n/a
GSM1514095	male	n/a	n/a
GSM1514096	male	disomic	n/a
GSM1514097	male	disomic	n/a
GSM1514098	male	n/a	n/a
GSM1514099	female	disomic	n/a
GSM1514100	female	n/a	n/a
GSM1514101	male	n/a	n/a
GSM1514102	male	n/a	n/a
GSM1514103	male	disomic	n/a
GSM1514104	female	disomic	n/a
GSM1514105	male	trisomic	n/a
GSM1514106	male	disomic	n/a
GSM1514107	male	n/a	n/a
GSM1514108	male	n/a	n/a
GSM1514109	male	trisomic	n/a
GSM1514110	female	n/a	n/a
GSM1514111	male	n/a	n/a
GSM1514112	male	n/a	n/a
GSM1514113	male	n/a	n/a
GSM1514114	male	n/a	n/a
GSM1514115	male	n/a	n/a
GSM1514116	male	n/a	n/a
GSM1514117	male	disomic	n/a
GSM1514118	male	n/a	n/a
GSM1514119	female	n/a	n/a
GSM1514120	female	trisomic	n/a
GSM1514121	female	n/a	n/a
GSM1514122	female	trisomic	n/a
GSM1514123	male	disomic	n/a
GSM1514124	male	disomic	n/a
GSM1514125	female	trisomic	n/a
GSM1514126	male	disomic	n/a
GSM1514127	male	trisomic	n/a
GSM1514128	female	disomic	n/a
GSM1514129	female	n/a	n/a
GSM1514130	male	disomic	n/a
GSM1514131	male	n/a	n/a
GSM1514132	female	n/a	n/a
GSM1514133	female	disomic	n/a
GSM1514134	male	disomic	n/a
GSM1514135	male	disomic	n/a
GSM1514136	female	disomic	n/a
GSM1514137	female	n/a	n/a
GSM1514138	female	disomic	n/a
GSM1514139	male	n/a	n/a
GSM1514140	male	disomic	n/a
GSM1514141	male	trisomic	n/a
GSM1514142	female	disomic	n/a
GSM1514143	female	disomic	n/a
GSM1514144	female	disomic	n/a
GSM1514145	female	disomic	n/a
GSM1514146	male	disomic	n/a
GSM1514147	female	trisomic	n/a
GSM1514148	male	trisomic	n/a
GSM1514149	female	n/a	n/a
GSM1514150	male	trisomic	n/a
GSM1514151	female	disomic	n/a
GSM1514152	female	n/a	n/a
GSM1514153	male	trisomic	n/a
GSM1514154	female	n/a	n/a
GSM1514155	male	disomic	n/a
GSM1514156	male	n/a	n/a
GSM1514157	female	n/a	n/a
GSM1514158	male	n/a	n/a
GSM1514159	female	n/a	n/a
GSM1514160	female	disomic	n/a
GSM1514161	male	disomic	n/a
GSM1514162	male	n/a	n/a
GSM1514163	female	n/a	n/a
GSM1514164	female	n/a	n/a
GSM1514165	male	disomic	n/a
GSM1514166	male	disomic	n/a
GSM1514167	male	trisomic	n/a
GSM1514168	female	n/a	n/a
GSM1514169	female	n/a	n/a
GSM1514170	female	disomic	n/a
GSM1514171	female	n/a	n/a
GSM1514172	female	trisomic	n/a
GSM1514173	female	trisomic	n/a
GSM1514174	female	disomic	n/a
GSM1514175	male	disomic	n/a
GSM1514176	male	disomic	n/a
GSM1514177	male	n/a	n/a
GSM1514178	male	disomic	n/a
GSM1514179	male	n/a	n/a
GSM1514180	male	n/a	n/a
GSM1514181	male	disomic	n/a
GSM1514182	female	n/a	n/a
GSM1514183	male	n/a	n/a
GSM1514184	female	n/a	n/a
GSM1514185	male	n/a	n/a
GSM1514186	male	disomic	n/a
GSM1514187	male	n/a	n/a
GSM1514188	female	trisomic	n/a
GSM1514189	female	disomic	n/a
GSM1514190	male	n/a	n/a
GSM1514191	female	n/a	n/a
GSM1514192	female	disomic	n/a
GSM1514193	female	n/a	n/a
GSM1514194	male	disomic	n/a
GSM1514195	male	n/a	n/a
GSM1514196	female	disomic	n/a
GSM1514197	male	n/a	n/a
GSM1514198	female	n/a	n/a
GSM1514199	female	n/a	n/a
GSM1514200	male	disomic	n/a
GSM1514201	male	n/a	n/a
GSM1514202	female	n/a	n/a
GSM1514203	female	n/a	n/a
GSM1514204	female	trisomic	n/a
GSM1514205	male	trisomic	n/a
GSM1514206	male	n/a	n/a
GSM1514207	male	n/a	n/a
GSM1514208	male	disomic	n/a
GSM1514209	male	disomic	n/a
GSM1514210	male	n/a	n/a
GSM1514211	female	trisomic	n/a
GSM1514212	male	n/a	n/a
GSM1514213	female	n/a	n/a
GSM1514214	male	n/a	n/a
GSM1514215	male	n/a	n/a
GSM1514216	male	n/a	n/a
GSM1514217	male	disomic	n/a
GSM1514218	male	n/a	n/a
GSM1514219	male	n/a	n/a
GSM1514220	female	n/a	n/a
GSM1514221	male	n/a	n/a
GSM1514222	female	disomic	n/a
GSM1514223	female	disomic	n/a
GSM1514224	male	n/a	n/a
GSM1514225	male	n/a	n/a
GSM1514226	male	disomic	n/a
GSM1514227	male	n/a	n/a
GSM1514228	female	trisomic	n/a
GSM1514229	female	n/a	n/a
GSM1514230	male	n/a	n/a
GSM1514231	male	n/a	n/a
GSM1514232	male	n/a	n/a
GSM1514233	male	n/a	n/a
GSM1514234	male	n/a	n/a
GSM1514235	female	n/a	n/a
GSM1514236	female	n/a	n/a
GSM1514237	female	n/a	n/a
GSM1514238	male	n/a	n/a
GSM1514239	male	trisomic	n/a
GSM1514240	female	n/a	n/a
GSM1514241	female	n/a	n/a
GSM1514242	male	n/a	n/a
GSM1514243	female	disomic	n/a
GSM1514244	male	n/a	n/a
GSM1514245	male	disomic	n/a
GSM1514246	male	n/a	n/a
GSM1514247	female	disomic	n/a
GSM1514248	female	n/a	n/a
GSM1514249	female	disomic	n/a
GSM1514250	female	n/a	n/a
GSM1514251	female	n/a	n/a
GSM1514252	male	disomic	n/a
GSM1514253	male	disomic	n/a
GSM1514254	male	n/a	n/a
GSM1514255	male	n/a	n/a
GSM1514256	female	n/a	n/a
GSM1514257	male	disomic	n/a
GSM1514258	male	disomic	n/a
GSM1514259	male	n/a	n/a
GSM1514260	male	disomic	n/a
GSM1514261	male	n/a	n/a
GSM1514262	male	n/a	n/a
GSM1514263	female	n/a	n/a
GSM1514264	male	disomic	n/a
GSM1514265	female	n/a	n/a
GSM1514266	male	n/a	n/a
GSM1514267	male	disomic	n/a
GSM1514268	male	disomic	n/a
GSM1514269	male	n/a	n/a
GSM1514270	male	n/a	n/a
GSM1514271	male	disomic	n/a
GSM1514272	male	n/a	n/a
GSM1514273	female	disomic	n/a
GSM1514274	male	disomic	n/a
GSM1514275	female	n/a	n/a
GSM1514276	male	n/a	n/a
GSM1514277	male	n/a	n/a
GSM1514278	male	n/a	n/a
GSM1514279	female	trisomic	n/a
GSM1514280	female	disomic	n/a
GSM1514281	male	n/a	n/a
GSM1514282	male	trisomic	n/a
GSM1514283	female	disomic	n/a
GSM1514284	male	n/a	n/a
GSM1514285	male	n/a	n/a
GSM1514286	female	n/a	n/a
GSM1514287	female	disomic	n/a
GSM1514288	female	n/a	n/a
GSM1514289	female	n/a	n/a
GSM1514290	female	disomic	n/a
GSM1514291	male	trisomic	n/a
GSM1514292	female	n/a	n/a
GSM1514293	female	n/a	n/a
GSM1514294	male	disomic	n/a
GSM1514295	female	trisomic	n/a
GSM1514296	male	trisomic	n/a
GSM1514297	male	trisomic	n/a
GSM1514298	male	n/a	n/a
GSM1514299	male	disomic	n/a
GSM1514300	male	n/a	n/a
GSM1514301	male	disomic	n/a
GSM1514302	male	n/a	n/a
GSM1514303	male	disomic	n/a
GSM1514304	male	disomic	n/a
GSM1514305	female	trisomic	n/a
GSM1514306	female	disomic	n/a
GSM1514307	female	n/a	n/a
GSM1514308	female	disomic	n/a
GSM1514309	female	n/a	n/a
GSM1514310	male	n/a	n/a
GSM1514311	female	n/a	n/a
GSM1514312	female	disomic	n/a
GSM1514313	female	disomic	n/a
GSM1514314	female	n/a	n/a
GSM1514315	female	trisomic	n/a
GSM1514316	female	n/a	n/a
GSM1514317	male	disomic	n/a
GSM1514318	female	n/a	n/a
GSM1514319	male	n/a	n/a
GSM1514320	male	n/a	n/a
GSM1514321	male	n/a	n/a
GSM1514322	female	disomic	n/a
GSM1514323	female	n/a	n/a
GSM1514324	female	n/a	n/a
GSM1514325	male	n/a	n/a
GSM1514326	female	trisomic	n/a
GSM1514327	male	n/a	n/a
GSM1514328	male	trisomic	n/a
GSM1514329	male	n/a	n/a
GSM1514330	male	n/a	n/a
GSM1514331	female	disomic	n/a
GSM1514332	male	n/a	n/a
GSM1514333	male	n/a	n/a
GSM1514334	male	disomic	n/a
GSM1514335	male	trisomic	n/a
GSM1514336	male	n/a	n/a
GSM1514337	male	trisomic	n/a
GSM1514338	female	trisomic	n/a
GSM1514339	male	disomic	n/a
GSM1514340	female	n/a	n/a
GSM1514341	male	n/a	n/a
GSM1514342	female	trisomic	n/a
GSM1514343	female	disomic	n/a
GSM1514344	female	disomic	n/a
GSM1514345	male	n/a	n/a
GSM1514346	female	n/a	n/a
GSM1514347	male	n/a	n/a
GSM1514348	female	n/a	n/a
GSM1514349	female	disomic	n/a
GSM1514350	female	disomic	n/a
GSM1514351	male	disomic	n/a
GSM1514352	male	disomic	n/a
GSM1514353	male	n/a	n/a
GSM1514354	female	disomic	n/a
GSM1514355	female	disomic	n/a
GSM1514356	female	n/a	n/a
GSM1514357	male	n/a	n/a
GSM870541	n/a	n/a	CD43+/41+/235+ progenitors generated from euploid iPSCs
GSM870542	n/a	n/a	CD43+/41+/235+ progenitors generated from euploid iPSCs
GSM870543	n/a	n/a	CD43+/41+/235+ progenitors generated from euploid iPSCs
GSM870544	n/a	trisomic	CD43+/41+/235+ progenitors generated from Trisomy 21 iPSCs
GSM870545	n/a	trisomic	CD43+/41+/235+ progenitors generated from Trisomy 21 iPSCs
GSM870546	n/a	trisomic	CD43+/41+/235+ progenitors generated from Trisomy 21 iPSCs
GSM873212	female	disomic	peripheral blood mononuclear cell
GSM873213	male	disomic	peripheral blood mononuclear cell
GSM873214	male	disomic	peripheral blood mononuclear cell
GSM873215	male	disomic	peripheral blood mononuclear cell
GSM873216	male	disomic	peripheral blood mononuclear cell
GSM873217	female	disomic	peripheral blood mononuclear cell
GSM873218	female	disomic	peripheral blood mononuclear cell
GSM873219	female	disomic	peripheral blood mononuclear cell
GSM873220	male	disomic	peripheral blood mononuclear cell
GSM873221	male	disomic	peripheral blood mononuclear cell
GSM873222	male	disomic	peripheral blood cell
GSM873223	female	disomic	peripheral blood cell
GSM873224	female	disomic	peripheral blood cell
GSM873225	female	disomic	peripheral blood cell
GSM873226	female	disomic	peripheral blood cell
GSM873227	female	disomic	peripheral blood mononuclear cell
GSM873228	male	disomic	peripheral blood mononuclear cell
GSM873229	male	disomic	peripheral blood mononuclear cell
GSM873230	male	disomic	peripheral blood mononuclear cell
GSM873231	male	disomic	peripheral blood mononuclear cell
GSM873232	male	disomic	peripheral blood mononuclear cell
GSM873233	female	disomic	peripheral blood mononuclear cell
GSM873234	male	disomic	peripheral blood mononuclear cell
GSM873235	female	disomic	peripheral blood mononuclear cell
GSM873236	male	disomic	peripheral blood mononuclear cell
GSM873237	male	disomic	peripheral blood mononuclear cell
GSM873238	female	disomic	peripheral blood mononuclear cell
GSM873239	female	disomic	peripheral blood mononuclear cell
GSM873240	male	disomic	peripheral blood mononuclear cell
GSM873241	male	disomic	peripheral blood mononuclear cell
GSM873242	male	disomic	peripheral blood cell
GSM873243	male	disomic	peripheral blood cell
GSM873244	female	disomic	peripheral blood cell
GSM873245	male	disomic	peripheral blood cell
GSM873246	male	disomic	peripheral blood cell
GSM873247	female	disomic	peripheral blood cell
GSM873248	female	disomic	peripheral blood cell
GSM901041	n/a	n/a	hematopoietic cell
GSM901042	n/a	n/a	hematopoietic cell
GSM901043	n/a	n/a	hematopoietic cell
GSM901044	n/a	n/a	hematopoietic cell
GSM901045	n/a	n/a	hematopoietic cell
GSM901046	n/a	n/a	hematopoietic cell
GSM901047	n/a	n/a	hematopoietic cell
GSM901048	n/a	n/a	hematopoietic cell
GSM901049	n/a	n/a	hematopoietic cell
GSM1517424	n/a	n/a	hematopoietic cell
GSM1517425	n/a	n/a	hematopoietic cell
GSM1517426	n/a	n/a	hematopoietic cell
GSM1517427	n/a	n/a	hematopoietic cell
GSM957172	male	disomic	n/a
GSM957173	male	disomic	n/a
GSM957174	male	disomic	n/a
GSM957175	male	disomic	n/a
GSM957176	male	disomic	n/a
GSM957177	male	disomic	n/a
GSM957178	male	disomic	n/a
GSM957179	male	disomic	n/a
GSM94221	n/a	n/a	n/a
GSM94222	n/a	n/a	n/a
GSM94223	n/a	n/a	n/a
GSM94224	n/a	n/a	n/a
GSM94225	n/a	n/a	n/a
GSM94226	n/a	n/a	n/a
GSM94227	n/a	n/a	n/a
GSM94228	n/a	n/a	n/a
GSM94229	n/a	n/a	n/a
GSM94230	n/a	n/a	n/a
GSM94231	n/a	n/a	n/a
GSM94232	n/a	n/a	n/a
GSM94233	n/a	n/a	n/a
GSM94234	n/a	n/a	n/a
GSM94235	n/a	n/a	n/a
GSM94236	n/a	n/a	n/a
GSM94237	n/a	n/a	n/a
GSM94238	n/a	n/a	n/a
GSM94239	n/a	n/a	n/a
GSM94240	n/a	n/a	n/a
GSM94241	n/a	n/a	n/a
GSM94242	n/a	n/a	n/a
GSM94243	n/a	n/a	n/a
GSM94244	n/a	n/a	n/a
GSM94245	n/a	n/a	n/a
GSM94246	n/a	n/a	n/a
GSM94247	n/a	n/a	n/a
GSM94248	n/a	n/a	n/a
GSM94249	n/a	n/a	n/a
GSM94250	n/a	n/a	n/a
GSM94251	n/a	n/a	n/a
GSM94252	n/a	n/a	n/a
GSM94253	n/a	n/a	n/a
GSM94254	n/a	n/a	n/a
GSM94255	n/a	n/a	n/a
GSM94256	n/a	n/a	n/a
GSM94257	n/a	n/a	n/a
GSM94258	n/a	n/a	n/a
GSM94259	n/a	n/a	n/a
GSM94260	n/a	n/a	n/a
GSM94261	n/a	n/a	n/a
GSM94262	n/a	n/a	n/a
GSM94263	n/a	n/a	n/a
GSM94264	n/a	n/a	n/a
GSM94265	n/a	n/a	n/a
GSM94266	n/a	n/a	n/a
GSM94267	n/a	n/a	n/a
GSM94268	n/a	n/a	n/a
GSM94269	n/a	n/a	n/a
GSM94270	n/a	n/a	n/a
GSM94271	n/a	n/a	n/a
GSM94272	n/a	n/a	n/a
GSM94273	n/a	n/a	n/a
GSM94274	n/a	n/a	n/a
GSM94275	n/a	n/a	n/a
GSM94276	n/a	n/a	n/a
GSM94277	n/a	n/a	n/a
GSM94278	n/a	n/a	n/a
GSM94279	n/a	n/a	n/a
GSM94280	n/a	n/a	n/a
GSM94281	n/a	n/a	n/a
GSM94282	n/a	n/a	n/a
GSM94283	n/a	n/a	n/a
GSM94284	n/a	n/a	n/a
GSM94285	n/a	n/a	n/a
GSM94286	n/a	n/a	n/a
GSM94287	n/a	n/a	n/a
GSM94288	n/a	n/a	n/a
GSM94289	n/a	n/a	n/a
GSM94290	n/a	n/a	n/a
GSM94291	n/a	n/a	n/a
GSM94292	n/a	n/a	n/a
GSM94293	n/a	n/a	n/a
GSM94294	n/a	n/a	n/a
GSM94295	n/a	n/a	n/a
GSM94296	n/a	n/a	n/a
GSM94297	n/a	n/a	n/a
GSM94298	n/a	n/a	n/a
GSM94299	n/a	n/a	n/a
GSM94300	n/a	n/a	n/a
GSM1142930	male	disomic	n/a
GSM1142931	male	disomic	n/a
GSM1142932	male	disomic	n/a
GSM1142933	n/a	disomic	n/a
GSM1142934	n/a	disomic	n/a
GSM1142935	n/a	disomic	n/a
GSM1142936	n/a	disomic	n/a
GSM1142937	n/a	disomic	n/a
GSM1142938	n/a	disomic	n/a
GSM1142939	n/a	disomic	n/a
GSM1142940	n/a	disomic	n/a
GSM1142941	n/a	disomic	n/a
GSM1142942	n/a	disomic	n/a
GSM1142943	n/a	disomic	n/a
GSM1142944	n/a	disomic	n/a
GSM1142945	n/a	disomic	n/a
GSM1142946	n/a	disomic	n/a
GSM1142947	n/a	disomic	n/a
GSM1142948	n/a	disomic	n/a
GSM1142949	n/a	disomic	n/a
GSM1142950	n/a	disomic	n/a
GSM1142951	n/a	disomic	n/a
GSM1142952	n/a	disomic	n/a
GSM1142953	n/a	disomic	n/a
GSM1142954	n/a	disomic	n/a
GSM1142955	n/a	disomic	n/a
GSM1142956	n/a	disomic	n/a
GSM1182325	n/a	n/a	induced pluripotent stem cells
GSM1182326	n/a	n/a	induced pluripotent stem cells
GSM1182327	n/a	n/a	induced pluripotent stem cells
GSM1182328	n/a	n/a	induced pluripotent stem cells
GSM1182329	n/a	n/a	induced pluripotent stem cells
GSM1182330	n/a	n/a	induced pluripotent stem cells
GSM1182331	n/a	n/a	induced pluripotent stem cells
GSM1182332	n/a	n/a	induced pluripotent stem cells
GSM1182333	n/a	n/a	induced pluripotent stem cells
GSM1182334	n/a	n/a	neurons differentiated from human induced pluripotent stem cells
GSM1182335	n/a	n/a	neurons differentiated from human induced pluripotent stem cells
GSM1182336	n/a	n/a	neurons differentiated from human induced pluripotent stem cells
GSM1182337	n/a	n/a	neurons differentiated from human induced pluripotent stem cells
GSM1182338	n/a	n/a	neurons differentiated from human induced pluripotent stem cells
GSM1182339	n/a	n/a	neurons differentiated from human induced pluripotent stem cells
GSM1182340	n/a	n/a	neurons differentiated from human induced pluripotent stem cells
GSM1182341	n/a	n/a	neurons differentiated from human induced pluripotent stem cells
GSM1182342	n/a	n/a	neurons differentiated from human induced pluripotent stem cells
GSM1193014	female	trisomic	n/a
GSM1193015	female	trisomic	n/a
GSM1193016	female	trisomic	n/a
GSM1193017	female	trisomic	n/a
GSM1193018	female	trisomic	n/a
GSM1193019	female	trisomic	n/a
GSM1193020	female	trisomic	n/a
GSM1193021	female	trisomic	n/a
GSM1193022	female	trisomic	n/a
GSM1193023	female	trisomic	n/a
GSM1193024	female	trisomic	n/a
GSM1193025	female	trisomic	n/a
GSM1193026	female	trisomic	n/a
GSM1193027	female	trisomic	n/a
GSM1193028	female	trisomic	n/a
GSM1193029	female	trisomic	n/a
GSM1193030	female	trisomic	n/a
GSM1193031	female	trisomic	n/a
GSM1193032	female	trisomic	n/a
GSM1193033	female	trisomic	n/a
GSM1193034	female	trisomic	n/a
GSM1193035	female	trisomic	n/a
GSM1193036	female	trisomic	n/a
GSM1193037	female	trisomic	n/a
GSM1193038	female	trisomic	n/a
GSM1193039	female	trisomic	n/a
GSM1193041	female	trisomic	n/a
GSM1193044	female	trisomic	n/a
GSM1193048	female	trisomic	n/a
GSM1193049	female	trisomic	n/a
GSM1193050	female	trisomic	n/a
GSM1193051	female	trisomic	n/a
GSM1193052	female	trisomic	n/a
GSM1193053	female	trisomic	n/a
GSM1193054	female	trisomic	n/a
GSM1193055	female	trisomic	n/a
GSM1193056	female	trisomic	n/a
GSM1193057	female	trisomic	n/a
GSM1193058	female	trisomic	n/a
GSM1193059	female	trisomic	n/a
GSM1193060	female	trisomic	n/a
GSM1193061	female	trisomic	n/a
GSM1193062	female	trisomic	n/a
GSM1193063	female	trisomic	n/a
GSM1193064	female	trisomic	n/a
GSM1193065	female	trisomic	n/a
GSM1193066	female	trisomic	n/a
GSM1193067	female	trisomic	n/a
GSM1193068	female	trisomic	n/a
GSM1193069	female	trisomic	n/a
GSM1193070	female	trisomic	n/a
GSM1193071	female	trisomic	n/a
GSM1193072	female	trisomic	n/a
GSM1193073	female	trisomic	n/a
GSM1193074	female	trisomic	n/a
GSM1193075	female	trisomic	n/a
GSM1193076	female	trisomic	n/a
GSM1193077	female	trisomic	n/a
GSM1193078	female	trisomic	n/a
GSM1193079	female	trisomic	n/a
GSM1193080	female	trisomic	n/a
GSM1193081	female	trisomic	n/a
GSM1193082	female	trisomic	n/a
GSM1193083	female	trisomic	n/a
GSM1193084	female	trisomic	n/a
GSM1193085	female	trisomic	n/a
GSM1193086	female	trisomic	n/a
GSM1193087	female	trisomic	n/a
GSM1193088	female	trisomic	n/a
GSM1193089	female	trisomic	n/a
GSM1193090	female	trisomic	n/a
GSM1193091	female	trisomic	n/a
GSM1203201	female	disomic	n/a
GSM1203202	female	disomic	n/a
GSM1203203	female	disomic	n/a
GSM1203204	female	disomic	n/a
GSM1203205	female	disomic	n/a
GSM1203206	female	disomic	n/a
GSM1203207	female	disomic	n/a
GSM1203208	female	disomic	n/a
GSM1203209	female	disomic	n/a
GSM1203210	female	disomic	n/a
GSM1203211	female	disomic	n/a
GSM1203212	female	disomic	n/a
GSM1203213	female	disomic	n/a
GSM1203214	female	disomic	n/a
GSM1203215	female	disomic	n/a
GSM1203216	female	disomic	n/a
GSM1203217	female	disomic	n/a
GSM1203218	female	disomic	n/a
GSM1203219	female	disomic	n/a
GSM1203220	female	disomic	n/a
GSM1203221	female	disomic	n/a
GSM1203222	female	disomic	n/a
GSM123264	female	disomic	n/a
GSM123265	female	disomic	n/a
GSM123266	female	disomic	n/a
GSM123267	male	disomic	n/a
GSM123268	female	disomic	n/a
GSM123269	male	disomic	n/a
GSM123270	male	disomic	n/a
GSM123271	male	disomic	n/a
GSM123272	female	disomic	n/a
GSM123273	male	disomic	n/a
GSM123274	male	disomic	n/a
GSM123275	male	disomic	n/a
GSM123276	male	disomic	n/a
GSM123277	male	disomic	n/a
GSM123278	male	disomic	n/a
GSM1440797	n/a	disomic	n/a
GSM1440798	n/a	disomic	n/a
GSM1440799	n/a	disomic	n/a
GSM1440800	n/a	disomic	n/a
GSM1440801	n/a	disomic	n/a
GSM1440802	n/a	disomic	n/a
GSM1440803	n/a	disomic	n/a
GSM1440804	n/a	disomic	n/a
GSM1440805	n/a	disomic	n/a
GSM1440806	n/a	disomic	n/a
GSM1440807	n/a	disomic	n/a
GSM1440808	n/a	disomic	n/a
GSM1440809	n/a	disomic	n/a
GSM1440810	n/a	disomic	n/a
GSM1440811	n/a	disomic	n/a
GSM1440812	n/a	disomic	n/a
GSM1440813	n/a	disomic	n/a
GSM1440814	n/a	disomic	n/a
GSM1440815	n/a	disomic	n/a
GSM1440816	n/a	disomic	n/a
GSM1440817	n/a	disomic	n/a
GSM1440818	n/a	disomic	n/a
GSM1440819	n/a	disomic	n/a
GSM1440820	n/a	disomic	n/a
GSM1440821	n/a	disomic	n/a
GSM1440822	n/a	disomic	n/a
GSM1440823	n/a	disomic	n/a
GSM1440824	n/a	disomic	n/a
GSM1440825	n/a	disomic	n/a
GSM1440826	n/a	disomic	n/a
GSM1440827	n/a	disomic	n/a
GSM1440828	n/a	disomic	n/a
GSM1440829	n/a	disomic	n/a
GSM1440830	n/a	disomic	n/a
GSM1440831	n/a	disomic	n/a
GSM1440832	n/a	disomic	n/a
GSM1440833	n/a	disomic	n/a
GSM1440834	n/a	disomic	n/a
GSM1440835	n/a	disomic	n/a
GSM1440836	n/a	disomic	n/a
GSM1440837	n/a	disomic	n/a
GSM1440838	n/a	disomic	n/a
GSM1440839	n/a	disomic	n/a
GSM1440840	n/a	disomic	n/a
GSM1440841	n/a	disomic	n/a
GSM1440842	n/a	disomic	n/a
GSM1440843	n/a	disomic	n/a
GSM1440844	n/a	disomic	n/a
GSM1440845	n/a	disomic	n/a
GSM1440846	n/a	disomic	n/a
GSM1440847	n/a	disomic	n/a
GSM1440848	n/a	disomic	n/a
GSM1440849	n/a	disomic	n/a
GSM1440850	n/a	disomic	n/a
GSM1440851	n/a	disomic	n/a
GSM1440852	n/a	disomic	n/a
GSM1440853	n/a	disomic	n/a
GSM1440854	n/a	disomic	n/a
GSM1440855	n/a	disomic	n/a
GSM1440856	n/a	disomic	n/a
GSM1440857	n/a	disomic	n/a
GSM1440858	n/a	disomic	n/a
GSM1440859	n/a	disomic	n/a
GSM1440860	n/a	disomic	n/a
GSM1440861	n/a	disomic	n/a
GSM1440862	n/a	disomic	n/a
GSM1440863	n/a	disomic	n/a
GSM1440864	n/a	disomic	n/a
GSM1440865	n/a	disomic	n/a
GSM1440866	n/a	disomic	n/a
GSM1440867	n/a	disomic	n/a
GSM1440868	n/a	disomic	n/a
GSM1440869	n/a	disomic	n/a
GSM1440870	n/a	disomic	n/a
GSM1440871	n/a	disomic	n/a
GSM1440872	n/a	disomic	n/a
GSM1440873	n/a	disomic	n/a
GSM1440874	n/a	disomic	n/a
GSM1440875	n/a	disomic	n/a
GSM1440876	n/a	disomic	n/a
GSM1440877	n/a	disomic	n/a
GSM1440878	n/a	disomic	n/a
GSM1440879	n/a	disomic	n/a
GSM1440880	n/a	disomic	n/a
GSM1440881	n/a	disomic	n/a
GSM1440882	n/a	disomic	n/a
GSM1440883	n/a	disomic	n/a
GSM1440884	n/a	disomic	n/a
GSM1440885	n/a	disomic	n/a
GSM1440886	n/a	disomic	n/a
GSM1440887	n/a	disomic	n/a
GSM1440888	n/a	disomic	n/a
GSM1440889	n/a	disomic	n/a
GSM1440890	n/a	disomic	n/a
GSM1440891	n/a	disomic	n/a
GSM1440892	n/a	disomic	n/a
GSM1440893	n/a	disomic	n/a
GSM1440894	n/a	disomic	n/a
GSM1440895	n/a	disomic	n/a
GSM1440896	n/a	disomic	n/a
GSM1440897	n/a	disomic	n/a
GSM1440898	n/a	disomic	n/a
GSM1440899	n/a	disomic	n/a
GSM1440900	n/a	disomic	n/a
GSM1440901	n/a	disomic	n/a
GSM1440902	n/a	disomic	n/a
GSM1440903	n/a	disomic	n/a
GSM1440904	n/a	disomic	n/a
GSM1440905	n/a	disomic	n/a
GSM1440906	n/a	disomic	n/a
GSM1440907	n/a	disomic	n/a
GSM1440908	n/a	disomic	n/a
GSM1440909	n/a	disomic	n/a
GSM1440910	n/a	disomic	n/a
GSM1440911	n/a	disomic	n/a
GSM1440912	n/a	disomic	n/a
GSM1528587	female	disomic	n/a
GSM1528588	female	disomic	n/a
GSM1528589	female	disomic	n/a
GSM1528590	female	disomic	n/a
GSM1528591	female	disomic	n/a
GSM1528592	female	disomic	n/a
GSM1528593	female	disomic	n/a
GSM1528594	female	disomic	n/a
GSM1528595	female	disomic	n/a
GSM1528596	female	disomic	n/a
GSM144081	male	disomic	n/a
GSM144082	male	disomic	n/a
GSM144084	male	disomic	n/a
GSM144087	female	disomic	n/a
GSM144088	female	disomic	n/a
GSM144089	male	trisomic	n/a
GSM144090	male	trisomic	n/a
GSM144091	male	trisomic	n/a
GSM144097	male	trisomic	n/a
GSM144509	female	trisomic	n/a
GSM144511	female	trisomic	n/a
GSM144512	female	disomic	n/a
GSM144513	male	disomic	n/a
GSM144514	male	trisomic	n/a
GSM144515	female	trisomic	n/a
GSM144516	male	trisomic	n/a
GSM144518	female	disomic	n/a
GSM144519	male	disomic	n/a
GSM144520	male	trisomic	n/a
GSM144521	female	trisomic	n/a
GSM144522	female	trisomic	n/a
GSM1586464	female	n/a	amniocytes
GSM1586465	female	n/a	amniocytes
GSM1586466	male	n/a	amniocytes
GSM1586467	female	trisomic	amniocytes
GSM1586468	male	n/a	amniocytes
GSM1586469	male	n/a	amniocytes
GSM1586470	female	n/a	amniocytes
GSM1586471	male	n/a	amniocytes
GSM1586472	female	trisomic	amniocytes
GSM1586473	male	trisomic	amniocytes
GSM1586474	female	n/a	amniocytes
GSM1586475	female	n/a	amniocytes
GSM1586476	male	trisomic	amniocytes
GSM1586477	female	trisomic	chorionic villi (fibroblasts)
GSM1586478	male	n/a	chorionic villi (fibroblasts)
GSM1586479	female	trisomic	chorionic villi (fibroblasts)
GSM1586480	male	n/a	chorionic villi (fibroblasts)
GSM1586481	male	n/a	chorionic villi (fibroblasts)
GSM1586482	male	n/a	chorionic villi (fibroblasts)
GSM1586483	female	trisomic	chorionic villi (fibroblasts)
GSM1586484	female	trisomic	chorionic villi (fibroblasts)
GSM1586485	male	n/a	chorionic villi (fibroblasts)
GSM1586486	female	trisomic	chorionic villi (fibroblasts)
GSM1717113	n/a	trisomic	n/a
GSM1717114	n/a	trisomic	n/a
GSM1717115	n/a	trisomic	n/a
GSM1717116	n/a	trisomic	n/a
GSM1717117	n/a	trisomic	n/a
GSM1717118	n/a	trisomic	n/a
GSM1717119	n/a	trisomic	n/a
GSM1717120	n/a	trisomic	n/a
GSM1717121	n/a	trisomic	n/a
GSM1717122	n/a	trisomic	n/a
GSM1717123	n/a	trisomic	n/a
GSM1717124	n/a	trisomic	n/a
GSM1717125	n/a	trisomic	n/a
GSM1717126	n/a	trisomic	n/a
GSM1717127	n/a	trisomic	n/a
GSM1717128	n/a	trisomic	n/a
GSM1717129	n/a	n/a	n/a
GSM1717130	n/a	n/a	n/a
GSM1717131	n/a	n/a	n/a
GSM1717132	n/a	n/a	n/a
GSM2203168	n/a	n/a	n/a
GSM2203169	n/a	disomic	n/a
GSM2203170	n/a	n/a	n/a
GSM2203171	n/a	n/a	n/a
GSM2203172	n/a	disomic	n/a
GSM2203173	n/a	n/a	n/a
GSM2203174	n/a	n/a	n/a
GSM2203175	n/a	n/a	n/a
GSM2203176	n/a	n/a	n/a
GSM2203177	n/a	n/a	n/a
GSM2203178	n/a	n/a	n/a
GSM2203179	n/a	n/a	n/a
GSM2203180	n/a	disomic	n/a
GSM2203181	n/a	disomic	n/a
GSM2203182	n/a	n/a	n/a
GSM2203183	n/a	n/a	n/a
GSM2203184	n/a	n/a	n/a
GSM2203185	n/a	disomic	n/a
GSM2203186	n/a	n/a	n/a
GSM2203187	n/a	n/a	n/a
GSM2203188	n/a	n/a	n/a
GSM2203189	n/a	n/a	n/a
GSM2203190	n/a	n/a	n/a
GSM2203191	n/a	n/a	n/a
GSM2203192	n/a	n/a	n/a
GSM2203193	n/a	disomic	n/a
GSM2203194	n/a	n/a	n/a
GSM2203195	n/a	n/a	n/a
GSM2203196	n/a	n/a	n/a
GSM2203197	n/a	n/a	n/a
GSM2203198	n/a	n/a	n/a
GSM2203199	n/a	n/a	n/a
GSM2203200	n/a	n/a	n/a
GSM2203201	n/a	n/a	n/a
GSM2203202	n/a	n/a	n/a
GSM2203203	n/a	n/a	n/a
GSM2203204	n/a	n/a	n/a
GSM2203205	n/a	trisomic	n/a
GSM2203206	n/a	n/a	n/a
GSM2203207	n/a	n/a	n/a
GSM2203208	n/a	n/a	n/a
GSM2203209	n/a	n/a	n/a
GSM2203210	n/a	n/a	n/a
GSM2203211	n/a	n/a	n/a
GSM2203212	n/a	n/a	n/a
GSM2203213	n/a	n/a	n/a
GSM2203214	n/a	n/a	n/a
GSM2203215	n/a	n/a	n/a
GSM2203216	n/a	n/a	n/a
GSM2203217	n/a	n/a	n/a
GSM2203218	n/a	n/a	n/a
GSM2203219	n/a	n/a	n/a
GSM2203220	n/a	n/a	n/a
GSM2203221	n/a	n/a	n/a
GSM2203222	n/a	n/a	n/a
GSM2203223	n/a	n/a	n/a
GSM2203224	n/a	n/a	n/a
GSM2203225	n/a	n/a	n/a
GSM2203226	n/a	n/a	n/a
GSM2203227	n/a	n/a	n/a
GSM2203228	n/a	n/a	n/a
GSM2203229	n/a	n/a	n/a
GSM2203230	n/a	n/a	n/a
GSM2203231	n/a	n/a	n/a
GSM2203232	n/a	n/a	n/a
GSM2203233	n/a	n/a	n/a
GSM2203234	n/a	n/a	n/a
GSM2203235	n/a	n/a	n/a
GSM2203236	n/a	n/a	n/a
GSM2203237	n/a	n/a	n/a
GSM2203238	n/a	n/a	n/a
GSM2203239	n/a	n/a	n/a
GSM2203240	n/a	n/a	n/a
GSM2203241	n/a	n/a	n/a
GSM2203242	n/a	n/a	n/a
GSM2203243	n/a	n/a	n/a
GSM2203244	n/a	n/a	n/a
GSM2203245	n/a	n/a	n/a
GSM2203246	n/a	n/a	n/a
GSM2203247	n/a	n/a	n/a
GSM2286929	male	n/a	neural progenitor cells derived from Down syndrome embryonic stem cells
GSM2286930	male	n/a	neural progenitor cells derived from Down syndrome embryonic stem cells
GSM2286931	female	n/a	neural progenitor cells derived from Down syndrome embryonic stem cells
GSM2286932	female	n/a	neural progenitor cells derived from Down syndrome embryonic stem cells
GSM2286933	male	n/a	neural progenitor cells derived from Down syndrome embryonic stem cells
GSM2286934	female	n/a	neural progenitor cells derived from healthy human embryonic stem cells
GSM2286935	male	n/a	neural progenitor cells derived from healthy human embryonic stem cells
GSM2286936	female	n/a	neural progenitor cells derived from healthy human embryonic stem cells
GSM2633918	female	disomic	n/a
GSM2633919	female	disomic	n/a
GSM2633920	female	disomic	n/a
GSM2633921	female	disomic	n/a
GSM2633922	female	disomic	n/a
GSM2633923	female	disomic	n/a
GSM2633924	female	disomic	n/a
GSM2633925	female	disomic	n/a
GSM2633926	female	disomic	n/a
GSM2633927	female	disomic	n/a
GSM2633928	female	disomic	n/a
GSM2633929	female	disomic	n/a
GSM2633930	female	disomic	n/a
GSM2633931	female	disomic	n/a
GSM2633932	female	disomic	n/a
GSM2633933	female	disomic	n/a
GSM2633934	female	disomic	n/a
GSM2633935	female	disomic	n/a
GSM2633936	female	disomic	n/a
GSM2633937	female	disomic	n/a
GSM2633938	female	disomic	n/a
GSM2633939	female	disomic	n/a
GSM2633940	female	disomic	n/a
GSM2633941	female	disomic	n/a
GSM2633942	female	disomic	n/a
GSM2633943	female	disomic	n/a
GSM2633944	female	disomic	n/a
GSM2633945	female	disomic	n/a
GSM2633946	female	disomic	n/a
GSM2633947	female	disomic	n/a
GSM2633948	female	disomic	n/a
GSM2633949	female	disomic	n/a
GSM2633950	female	disomic	n/a
GSM2633951	female	disomic	n/a
GSM2633952	female	disomic	n/a
GSM2633953	female	disomic	n/a
GSM2633954	female	disomic	n/a
GSM2633955	female	disomic	n/a
GSM2633956	female	disomic	n/a
GSM2633957	female	disomic	n/a
GSM2633958	female	disomic	n/a
GSM2633959	female	disomic	n/a
GSM2633960	female	disomic	n/a
GSM2633961	female	disomic	n/a
GSM2633962	female	disomic	n/a
GSM2633963	female	disomic	n/a
GSM2633964	female	disomic	n/a
GSM2633965	female	disomic	n/a
GSM2633966	female	disomic	n/a
GSM2633967	female	disomic	n/a
GSM2633968	female	disomic	n/a
GSM2633969	female	disomic	n/a
GSM2633970	female	disomic	n/a
GSM2633971	female	disomic	n/a
GSM2633972	female	disomic	n/a
GSM2633973	female	disomic	n/a
GSM2633974	female	disomic	n/a
GSM2633975	female	disomic	n/a
GSM2633976	female	disomic	n/a
GSM2633977	female	disomic	n/a
GSM2633978	female	disomic	n/a
GSM2633979	female	disomic	n/a
GSM2633980	female	disomic	n/a
GSM2633981	female	disomic	n/a
GSM2633982	female	disomic	n/a
GSM2633983	female	disomic	n/a
GSM2633984	female	disomic	n/a
GSM2633985	female	disomic	n/a
GSM2633986	female	disomic	n/a
GSM2633987	female	disomic	n/a
GSM2633988	female	disomic	n/a
GSM2633989	female	disomic	n/a
GSM2633990	female	disomic	n/a
GSM2633991	female	disomic	n/a
GSM2633992	female	disomic	n/a
GSM2633993	female	disomic	n/a
GSM2633994	female	disomic	n/a
GSM2633995	female	disomic	n/a
GSM2633996	female	disomic	n/a
GSM2633997	female	disomic	n/a
GSM2633998	female	disomic	n/a
GSM2633999	female	disomic	n/a
GSM2634000	female	disomic	n/a
GSM2634001	female	disomic	n/a
GSM2634002	female	disomic	n/a
GSM2634003	female	disomic	n/a
GSM2634004	female	disomic	n/a
GSM2634005	female	disomic	n/a
GSM2634006	female	disomic	n/a
GSM2634007	female	disomic	n/a
GSM2634008	female	disomic	n/a
GSM2634009	female	disomic	n/a
GSM2634010	female	disomic	n/a
GSM2634011	female	disomic	n/a
GSM2634012	female	disomic	n/a
GSM2634013	female	disomic	n/a
GSM2634014	female	disomic	n/a
GSM2634015	female	disomic	n/a
GSM2634016	female	disomic	n/a
GSM2634017	female	disomic	n/a
GSM2634018	female	disomic	n/a
GSM2634019	female	disomic	n/a
GSM2634020	female	disomic	n/a
GSM2634021	female	disomic	n/a
GSM2634022	female	disomic	n/a
GSM2634023	female	disomic	n/a
GSM2634024	female	disomic	n/a
GSM2634025	female	disomic	n/a
GSM2634026	female	disomic	n/a
GSM2634027	female	disomic	n/a
GSM2634028	female	disomic	n/a
GSM2634029	female	disomic	n/a
GSM2634030	female	disomic	n/a
GSM2634031	female	disomic	n/a
GSM2634032	female	disomic	n/a
GSM2634033	female	disomic	n/a
GSM2634034	female	disomic	n/a
GSM2634035	female	disomic	n/a
GSM2634036	female	disomic	n/a
GSM2634037	female	disomic	n/a
GSM2634038	female	disomic	n/a
GSM2634039	female	disomic	n/a
GSM2634040	female	disomic	n/a
GSM2634041	female	disomic	n/a
GSM2634042	female	disomic	n/a
GSM2634043	female	disomic	n/a
GSM2634044	female	disomic	n/a
GSM2634045	female	disomic	n/a
